Frequenza,Territorio,Indicatore,Sesso,Classe di età,Anno,Osservazione,Stato dell’osservazione,Nota - Territorio,Nota - Indicatore,Nota - Sesso,Nota - Classi di età,Nota - Dataset,,
Annuale,Italia,Popolazione residente,Totale,Totale,2021,'59,030,133',,,,,,
Annuale,Nord-ovest,Popolazione residente,Totale,Totale,2021,'15,831,941',,,,,,
Annuale,Piemonte,Popolazione residente,Totale,Totale,2021,'4,256,350',,,,,,
Annuale,'Valle d"'Aosta / Vallée d"'Aoste',Popolazione residente,Totale,Totale,2021,'123,360',,,,,,
Annuale,Liguria,Popolazione residente,Totale,Totale,2021,'1,509,227',,,,,,
Annuale,Lombardia,Popolazione residente,Totale,Totale,2021,'9,943,004',,,,,,
Annuale,Nord-est,Popolazione residente,Totale,Totale,2021,'11,541,332',,,,,,
Annuale,Trentino Alto Adige / Südtirol,Popolazione residente,Totale,Totale,2021,'1,073,574',,,,,,
Annuale,Provincia Autonoma Bolzano / Bozen,Popolazione residente,Totale,Totale,2021,'532,616',,,,,,
Annuale,Provincia Autonoma Trento,Popolazione residente,Totale,Totale,2021,'540,958',,,,,,
Annuale,Veneto,Popolazione residente,Totale,Totale,2021,'4,847,745',,,,,,
Annuale,Friuli-Venezia Giulia,Popolazione residente,Totale,Totale,2021,'1,194,647',,,,,,
Annuale,Emilia-Romagna,Popolazione residente,Totale,Totale,2021,'4,425,366',,,,,,
Annuale,Centro,Popolazione residente,Totale,Totale,2021,'11,724,035',,,,,,
Annuale,Toscana,Popolazione residente,Totale,Totale,2021,'3,663,191',,,,,,
Annuale,Umbria,Popolazione residente,Totale,Totale,2021,'858,812',,,,,,
Annuale,Marche,Popolazione residente,Totale,Totale,2021,'1,487,150',,,,,,
Annuale,Lazio,Popolazione residente,Totale,Totale,2021,'5,714,882',,,,,,
Annuale,Sud,Popolazione residente,Totale,Totale,2021,'13,512,083',,,,,,
Annuale,Abruzzo,Popolazione residente,Totale,Totale,2021,'1,275,950',,,,,,
Annuale,Molise,Popolazione residente,Totale,Totale,2021,'292,150',,,,,,
Annuale,Campania,Popolazione residente,Totale,Totale,2021,'5,624,420',,,,,,
Annuale,Puglia,Popolazione residente,Totale,Totale,2021,'3,922,941',,,,,,
Annuale,Basilicata,Popolazione residente,Totale,Totale,2021,'541,168',,,,,,
Annuale,Calabria,Popolazione residente,Totale,Totale,2021,'1,855,454',,,,,,
Annuale,Isole,Popolazione residente,Totale,Totale,2021,'6,420,742',,,,,,
Annuale,Sicilia,Popolazione residente,Totale,Totale,2021,'4,833,329',,,,,,
Annuale,Sardegna,Popolazione residente,Totale,Totale,2021,'1,587,413',,,,,,
