Frequenza,Territorio,Indicatore,Sesso,Classe di età,Anno,Osservazione,Stato dell’osservazione,Nota - Territorio,Nota - Indicatore,Nota - Sesso,Nota - Classi di età,Nota - Dataset,,
Annuale,Italia,Popolazione residente,Totale,Fino a 4 anni,2011,'2,749,928',,,,,,
Annuale,Italia,Popolazione residente,Totale,5-9 anni,2011,'2,781,095',,,,,,
Annuale,Italia,Popolazione residente,Totale,10-14 anni,2011,'2,795,020',,,,,,
Annuale,Italia,Popolazione residente,Totale,15-19 anni,2011,'2,869,465',,,,,,
Annuale,Italia,Popolazione residente,Totale,20-24 anni,2011,'3,052,349',,,,,,
Annuale,Italia,Popolazione residente,Totale,25-29 anni,2011,'3,275,542',,,,,,
Annuale,Italia,Popolazione residente,Totale,30-34 anni,2011,'3,781,373',,,,,,
Annuale,Italia,Popolazione residente,Totale,35-39 anni,2011,'4,564,166',,,,,,
Annuale,Italia,Popolazione residente,Totale,40-44 anni,2011,'4,795,585',,,,,,
Annuale,Italia,Popolazione residente,Totale,45-49 anni,2011,'4,772,283',,,,,,
Annuale,Italia,Popolazione residente,Totale,50-54 anni,2011,'4,146,295',,,,,,
Annuale,Italia,Popolazione residente,Totale,55-59 anni,2011,'3,725,539',,,,,,
Annuale,Italia,Popolazione residente,Totale,60-64 anni,2011,'3,740,132',,,,,,
Annuale,Italia,Popolazione residente,Totale,65-69 anni,2011,'3,120,029',,,,,,
Annuale,Italia,Popolazione residente,Totale,70-74 anni,2011,'3,112,530',,,,,,
Annuale,Italia,Popolazione residente,Totale,75-79 anni,2011,'2,516,448',,,,,,
Annuale,Italia,Popolazione residente,Totale,80-84 anni,2011,'1,944,820',,,,,,
Annuale,Italia,Popolazione residente,Totale,85-89 anni,2011,'1,172,992',,,,,,
Annuale,Italia,Popolazione residente,Totale,90-94 anni,2011,'391,106',,,,,,
Annuale,Italia,Popolazione residente,Totale,95-99 anni,2011,'111,968',,,,,,
Annuale,Italia,Popolazione residente,Totale,100 anni e più,2011,'15,079',,,,,,
Annuale,Italia,Popolazione residente,Totale,Totale,2011,'59,433,744',,,,,,
Annuale,Nord-ovest,Popolazione residente,Totale,Fino a 4 anni,2011,'729,818',,,,,,
Annuale,Nord-ovest,Popolazione residente,Totale,5-9 anni,2011,'716,700',,,,,,
Annuale,Nord-ovest,Popolazione residente,Totale,10-14 anni,2011,'699,448',,,,,,
Annuale,Nord-ovest,Popolazione residente,Totale,15-19 anni,2011,'680,546',,,,,,
Annuale,Nord-ovest,Popolazione residente,Totale,20-24 anni,2011,'710,131',,,,,,
Annuale,Nord-ovest,Popolazione residente,Totale,25-29 anni,2011,'794,739',,,,,,
Annuale,Nord-ovest,Popolazione residente,Totale,30-34 anni,2011,'968,371',,,,,,
Annuale,Nord-ovest,Popolazione residente,Totale,35-39 anni,2011,'1,230,379',,,,,,
Annuale,Nord-ovest,Popolazione residente,Totale,40-44 anni,2011,'1,311,914',,,,,,
Annuale,Nord-ovest,Popolazione residente,Totale,45-49 anni,2011,'1,296,914',,,,,,
Annuale,Nord-ovest,Popolazione residente,Totale,50-54 anni,2011,'1,103,063',,,,,,
Annuale,Nord-ovest,Popolazione residente,Totale,55-59 anni,2011,'995,696',,,,,,
Annuale,Nord-ovest,Popolazione residente,Totale,60-64 anni,2011,'1,023,660',,,,,,
Annuale,Nord-ovest,Popolazione residente,Totale,65-69 anni,2011,'873,130',,,,,,
Annuale,Nord-ovest,Popolazione residente,Totale,70-74 anni,2011,'905,917',,,,,,
Annuale,Nord-ovest,Popolazione residente,Totale,75-79 anni,2011,'714,467',,,,,,
Annuale,Nord-ovest,Popolazione residente,Totale,80-84 anni,2011,'545,381',,,,,,
Annuale,Nord-ovest,Popolazione residente,Totale,85-89 anni,2011,'321,303',,,,,,
Annuale,Nord-ovest,Popolazione residente,Totale,90-94 anni,2011,'107,286',,,,,,
Annuale,Nord-ovest,Popolazione residente,Totale,95-99 anni,2011,'32,262',,,,,,
Annuale,Nord-ovest,Popolazione residente,Totale,100 anni e più,2011,'4,442',,,,,,
Annuale,Nord-ovest,Popolazione residente,Totale,Totale,2011,'15,765,567',,,,,,
Annuale,Piemonte,Popolazione residente,Totale,Fino a 4 anni,2011,'189,779',,,,,,
Annuale,Piemonte,Popolazione residente,Totale,5-9 anni,2011,'187,842',,,,,,
Annuale,Piemonte,Popolazione residente,Totale,10-14 anni,2011,'186,477',,,,,,
Annuale,Piemonte,Popolazione residente,Totale,15-19 anni,2011,'183,236',,,,,,
Annuale,Piemonte,Popolazione residente,Totale,20-24 anni,2011,'193,042',,,,,,
Annuale,Piemonte,Popolazione residente,Totale,25-29 anni,2011,'215,362',,,,,,
Annuale,Piemonte,Popolazione residente,Totale,30-34 anni,2011,'259,134',,,,,,
Annuale,Piemonte,Popolazione residente,Totale,35-39 anni,2011,'328,237',,,,,,
Annuale,Piemonte,Popolazione residente,Totale,40-44 anni,2011,'354,211',,,,,,
Annuale,Piemonte,Popolazione residente,Totale,45-49 anni,2011,'350,323',,,,,,
Annuale,Piemonte,Popolazione residente,Totale,50-54 anni,2011,'308,750',,,,,,
Annuale,Piemonte,Popolazione residente,Totale,55-59 anni,2011,'285,118',,,,,,
Annuale,Piemonte,Popolazione residente,Totale,60-64 anni,2011,'294,306',,,,,,
Annuale,Piemonte,Popolazione residente,Totale,65-69 anni,2011,'249,089',,,,,,
Annuale,Piemonte,Popolazione residente,Totale,70-74 anni,2011,'262,468',,,,,,
Annuale,Piemonte,Popolazione residente,Totale,75-79 anni,2011,'212,697',,,,,,
Annuale,Piemonte,Popolazione residente,Totale,80-84 anni,2011,'165,004',,,,,,
Annuale,Piemonte,Popolazione residente,Totale,85-89 anni,2011,'96,054',,,,,,
Annuale,Piemonte,Popolazione residente,Totale,90-94 anni,2011,'31,788',,,,,,
Annuale,Piemonte,Popolazione residente,Totale,95-99 anni,2011,'9,702',,,,,,
Annuale,Piemonte,Popolazione residente,Totale,100 anni e più,2011,'1,297',,,,,,
Annuale,Piemonte,Popolazione residente,Totale,Totale,2011,'4,363,916',,,,,,
Annuale,'Valle d"'Aosta / Vallée d"'Aoste',Popolazione residente,Totale,Fino a 4 anni,2011,'6,118',,,,,,
Annuale,'Valle d"'Aosta / Vallée d"'Aoste',Popolazione residente,Totale,5-9 anni,2011,'5,879',,,,,,
Annuale,'Valle d"'Aosta / Vallée d"'Aoste',Popolazione residente,Totale,10-14 anni,2011,'5,730',,,,,,
Annuale,'Valle d"'Aosta / Vallée d"'Aoste',Popolazione residente,Totale,15-19 anni,2011,'5,430',,,,,,
Annuale,'Valle d"'Aosta / Vallée d"'Aoste',Popolazione residente,Totale,20-24 anni,2011,'5,732',,,,,,
Annuale,'Valle d"'Aosta / Vallée d"'Aoste',Popolazione residente,Totale,25-29 anni,2011,'6,471',,,,,,
Annuale,'Valle d"'Aosta / Vallée d"'Aoste',Popolazione residente,Totale,30-34 anni,2011,'7,617',,,,,,
Annuale,'Valle d"'Aosta / Vallée d"'Aoste',Popolazione residente,Totale,35-39 anni,2011,'9,729',,,,,,
Annuale,'Valle d"'Aosta / Vallée d"'Aoste',Popolazione residente,Totale,40-44 anni,2011,'10,766',,,,,,
Annuale,'Valle d"'Aosta / Vallée d"'Aoste',Popolazione residente,Totale,45-49 anni,2011,'10,746',,,,,,
Annuale,'Valle d"'Aosta / Vallée d"'Aoste',Popolazione residente,Totale,50-54 anni,2011,'9,077',,,,,,
Annuale,'Valle d"'Aosta / Vallée d"'Aoste',Popolazione residente,Totale,55-59 anni,2011,'8,188',,,,,,
Annuale,'Valle d"'Aosta / Vallée d"'Aoste',Popolazione residente,Totale,60-64 anni,2011,'8,265',,,,,,
Annuale,'Valle d"'Aosta / Vallée d"'Aoste',Popolazione residente,Totale,65-69 anni,2011,'6,839',,,,,,
Annuale,'Valle d"'Aosta / Vallée d"'Aoste',Popolazione residente,Totale,70-74 anni,2011,'6,897',,,,,,
Annuale,'Valle d"'Aosta / Vallée d"'Aoste',Popolazione residente,Totale,75-79 anni,2011,'5,304',,,,,,
Annuale,'Valle d"'Aosta / Vallée d"'Aoste',Popolazione residente,Totale,80-84 anni,2011,'4,348',,,,,,
Annuale,'Valle d"'Aosta / Vallée d"'Aoste',Popolazione residente,Totale,85-89 anni,2011,'2,533',,,,,,
Annuale,'Valle d"'Aosta / Vallée d"'Aoste',Popolazione residente,Totale,90-94 anni,2011,874,,,,,,
Annuale,'Valle d"'Aosta / Vallée d"'Aoste',Popolazione residente,Totale,95-99 anni,2011,234,,,,,,
Annuale,'Valle d"'Aosta / Vallée d"'Aoste',Popolazione residente,Totale,100 anni e più,2011,29,,,,,,
Annuale,'Valle d"'Aosta / Vallée d"'Aoste',Popolazione residente,Totale,Totale,2011,'126,806',,,,,,
Annuale,Liguria,Popolazione residente,Totale,Fino a 4 anni,2011,'59,049',,,,,,
Annuale,Liguria,Popolazione residente,Totale,5-9 anni,2011,'60,528',,,,,,
Annuale,Liguria,Popolazione residente,Totale,10-14 anni,2011,'61,253',,,,,,
Annuale,Liguria,Popolazione residente,Totale,15-19 anni,2011,'62,338',,,,,,
Annuale,Liguria,Popolazione residente,Totale,20-24 anni,2011,'64,361',,,,,,
Annuale,Liguria,Popolazione residente,Totale,25-29 anni,2011,'67,229',,,,,,
Annuale,Liguria,Popolazione residente,Totale,30-34 anni,2011,'80,234',,,,,,
Annuale,Liguria,Popolazione residente,Totale,35-39 anni,2011,'108,588',,,,,,
Annuale,Liguria,Popolazione residente,Totale,40-44 anni,2011,'123,487',,,,,,
Annuale,Liguria,Popolazione residente,Totale,45-49 anni,2011,'129,721',,,,,,
Annuale,Liguria,Popolazione residente,Totale,50-54 anni,2011,'112,318',,,,,,
Annuale,Liguria,Popolazione residente,Totale,55-59 anni,2011,'101,543',,,,,,
Annuale,Liguria,Popolazione residente,Totale,60-64 anni,2011,'109,028',,,,,,
Annuale,Liguria,Popolazione residente,Totale,65-69 anni,2011,'99,077',,,,,,
Annuale,Liguria,Popolazione residente,Totale,70-74 anni,2011,'106,178',,,,,,
Annuale,Liguria,Popolazione residente,Totale,75-79 anni,2011,'87,638',,,,,,
Annuale,Liguria,Popolazione residente,Totale,80-84 anni,2011,'72,054',,,,,,
Annuale,Liguria,Popolazione residente,Totale,85-89 anni,2011,'44,503',,,,,,
Annuale,Liguria,Popolazione residente,Totale,90-94 anni,2011,'16,001',,,,,,
Annuale,Liguria,Popolazione residente,Totale,95-99 anni,2011,'4,841',,,,,,
Annuale,Liguria,Popolazione residente,Totale,100 anni e più,2011,725,,,,,,
Annuale,Liguria,Popolazione residente,Totale,Totale,2011,'1,570,694',,,,,,
Annuale,Lombardia,Popolazione residente,Totale,Fino a 4 anni,2011,'474,872',,,,,,
Annuale,Lombardia,Popolazione residente,Totale,5-9 anni,2011,'462,451',,,,,,
Annuale,Lombardia,Popolazione residente,Totale,10-14 anni,2011,'445,988',,,,,,
Annuale,Lombardia,Popolazione residente,Totale,15-19 anni,2011,'429,542',,,,,,
Annuale,Lombardia,Popolazione residente,Totale,20-24 anni,2011,'446,996',,,,,,
Annuale,Lombardia,Popolazione residente,Totale,25-29 anni,2011,'505,677',,,,,,
Annuale,Lombardia,Popolazione residente,Totale,30-34 anni,2011,'621,386',,,,,,
Annuale,Lombardia,Popolazione residente,Totale,35-39 anni,2011,'783,825',,,,,,
Annuale,Lombardia,Popolazione residente,Totale,40-44 anni,2011,'823,450',,,,,,
Annuale,Lombardia,Popolazione residente,Totale,45-49 anni,2011,'806,124',,,,,,
Annuale,Lombardia,Popolazione residente,Totale,50-54 anni,2011,'672,918',,,,,,
Annuale,Lombardia,Popolazione residente,Totale,55-59 anni,2011,'600,847',,,,,,
Annuale,Lombardia,Popolazione residente,Totale,60-64 anni,2011,'612,061',,,,,,
Annuale,Lombardia,Popolazione residente,Totale,65-69 anni,2011,'518,125',,,,,,
Annuale,Lombardia,Popolazione residente,Totale,70-74 anni,2011,'530,374',,,,,,
Annuale,Lombardia,Popolazione residente,Totale,75-79 anni,2011,'408,828',,,,,,
Annuale,Lombardia,Popolazione residente,Totale,80-84 anni,2011,'303,975',,,,,,
Annuale,Lombardia,Popolazione residente,Totale,85-89 anni,2011,'178,213',,,,,,
Annuale,Lombardia,Popolazione residente,Totale,90-94 anni,2011,'58,623',,,,,,
Annuale,Lombardia,Popolazione residente,Totale,95-99 anni,2011,'17,485',,,,,,
Annuale,Lombardia,Popolazione residente,Totale,100 anni e più,2011,'2,391',,,,,,
Annuale,Lombardia,Popolazione residente,Totale,Totale,2011,'9,704,151',,,,,,
Annuale,Nord-est,Popolazione residente,Totale,Fino a 4 anni,2011,'541,363',,,,,,
Annuale,Nord-est,Popolazione residente,Totale,5-9 anni,2011,'531,568',,,,,,
Annuale,Nord-est,Popolazione residente,Totale,10-14 anni,2011,'519,341',,,,,,
Annuale,Nord-est,Popolazione residente,Totale,15-19 anni,2011,'501,613',,,,,,
Annuale,Nord-est,Popolazione residente,Totale,20-24 anni,2011,'518,893',,,,,,
Annuale,Nord-est,Popolazione residente,Totale,25-29 anni,2011,'582,647',,,,,,
Annuale,Nord-est,Popolazione residente,Totale,30-34 anni,2011,'718,173',,,,,,
Annuale,Nord-est,Popolazione residente,Totale,35-39 anni,2011,'905,321',,,,,,
Annuale,Nord-est,Popolazione residente,Totale,40-44 anni,2011,'959,979',,,,,,
Annuale,Nord-est,Popolazione residente,Totale,45-49 anni,2011,'946,017',,,,,,
Annuale,Nord-est,Popolazione residente,Totale,50-54 anni,2011,'808,817',,,,,,
Annuale,Nord-est,Popolazione residente,Totale,55-59 anni,2011,'713,082',,,,,,
Annuale,Nord-est,Popolazione residente,Totale,60-64 anni,2011,'715,453',,,,,,
Annuale,Nord-est,Popolazione residente,Totale,65-69 anni,2011,'624,170',,,,,,
Annuale,Nord-est,Popolazione residente,Totale,70-74 anni,2011,'615,695',,,,,,
Annuale,Nord-est,Popolazione residente,Totale,75-79 anni,2011,'489,178',,,,,,
Annuale,Nord-est,Popolazione residente,Totale,80-84 anni,2011,'385,675',,,,,,
Annuale,Nord-est,Popolazione residente,Totale,85-89 anni,2011,'253,184',,,,,,
Annuale,Nord-est,Popolazione residente,Totale,90-94 anni,2011,'87,892',,,,,,
Annuale,Nord-est,Popolazione residente,Totale,95-99 anni,2011,'26,096',,,,,,
Annuale,Nord-est,Popolazione residente,Totale,100 anni e più,2011,'3,648',,,,,,
Annuale,Nord-est,Popolazione residente,Totale,Totale,2011,'11,447,805',,,,,,
Annuale,Provincia Autonoma Bolzano / Bozen,Popolazione residente,Totale,Fino a 4 anni,2011,'26,871',,,,,,
Annuale,Provincia Autonoma Bolzano / Bozen,Popolazione residente,Totale,5-9 anni,2011,'27,634',,,,,,
Annuale,Provincia Autonoma Bolzano / Bozen,Popolazione residente,Totale,10-14 anni,2011,'28,749',,,,,,
Annuale,Provincia Autonoma Bolzano / Bozen,Popolazione residente,Totale,15-19 anni,2011,'27,964',,,,,,
Annuale,Provincia Autonoma Bolzano / Bozen,Popolazione residente,Totale,20-24 anni,2011,'27,951',,,,,,
Annuale,Provincia Autonoma Bolzano / Bozen,Popolazione residente,Totale,25-29 anni,2011,'29,548',,,,,,
Annuale,Provincia Autonoma Bolzano / Bozen,Popolazione residente,Totale,30-34 anni,2011,'32,137',,,,,,
Annuale,Provincia Autonoma Bolzano / Bozen,Popolazione residente,Totale,35-39 anni,2011,'37,608',,,,,,
Annuale,Provincia Autonoma Bolzano / Bozen,Popolazione residente,Totale,40-44 anni,2011,'42,750',,,,,,
Annuale,Provincia Autonoma Bolzano / Bozen,Popolazione residente,Totale,45-49 anni,2011,'41,949',,,,,,
Annuale,Provincia Autonoma Bolzano / Bozen,Popolazione residente,Totale,50-54 anni,2011,'34,590',,,,,,
Annuale,Provincia Autonoma Bolzano / Bozen,Popolazione residente,Totale,55-59 anni,2011,'28,040',,,,,,
Annuale,Provincia Autonoma Bolzano / Bozen,Popolazione residente,Totale,60-64 anni,2011,'26,335',,,,,,
Annuale,Provincia Autonoma Bolzano / Bozen,Popolazione residente,Totale,65-69 anni,2011,'25,537',,,,,,
Annuale,Provincia Autonoma Bolzano / Bozen,Popolazione residente,Totale,70-74 anni,2011,'23,107',,,,,,
Annuale,Provincia Autonoma Bolzano / Bozen,Popolazione residente,Totale,75-79 anni,2011,'17,714',,,,,,
Annuale,Provincia Autonoma Bolzano / Bozen,Popolazione residente,Totale,80-84 anni,2011,'13,722',,,,,,
Annuale,Provincia Autonoma Bolzano / Bozen,Popolazione residente,Totale,85-89 anni,2011,'8,760',,,,,,
Annuale,Provincia Autonoma Bolzano / Bozen,Popolazione residente,Totale,90-94 anni,2011,'2,812',,,,,,
Annuale,Provincia Autonoma Bolzano / Bozen,Popolazione residente,Totale,95-99 anni,2011,754,,,,,,
Annuale,Provincia Autonoma Bolzano / Bozen,Popolazione residente,Totale,100 anni e più,2011,111,,,,,,
Annuale,Provincia Autonoma Bolzano / Bozen,Popolazione residente,Totale,Totale,2011,'504,643',,,,,,
Annuale,Provincia Autonoma Trento,Popolazione residente,Totale,Fino a 4 anni,2011,'26,645',,,,,,
Annuale,Provincia Autonoma Trento,Popolazione residente,Totale,5-9 anni,2011,'26,891',,,,,,
Annuale,Provincia Autonoma Trento,Popolazione residente,Totale,10-14 anni,2011,'27,260',,,,,,
Annuale,Provincia Autonoma Trento,Popolazione residente,Totale,15-19 anni,2011,'26,549',,,,,,
Annuale,Provincia Autonoma Trento,Popolazione residente,Totale,20-24 anni,2011,'26,110',,,,,,
Annuale,Provincia Autonoma Trento,Popolazione residente,Totale,25-29 anni,2011,'28,140',,,,,,
Annuale,Provincia Autonoma Trento,Popolazione residente,Totale,30-34 anni,2011,'32,014',,,,,,
Annuale,Provincia Autonoma Trento,Popolazione residente,Totale,35-39 anni,2011,'39,284',,,,,,
Annuale,Provincia Autonoma Trento,Popolazione residente,Totale,40-44 anni,2011,'42,392',,,,,,
Annuale,Provincia Autonoma Trento,Popolazione residente,Totale,45-49 anni,2011,'43,128',,,,,,
Annuale,Provincia Autonoma Trento,Popolazione residente,Totale,50-54 anni,2011,'37,373',,,,,,
Annuale,Provincia Autonoma Trento,Popolazione residente,Totale,55-59 anni,2011,'33,239',,,,,,
Annuale,Provincia Autonoma Trento,Popolazione residente,Totale,60-64 anni,2011,'31,898',,,,,,
Annuale,Provincia Autonoma Trento,Popolazione residente,Totale,65-69 anni,2011,'27,062',,,,,,
Annuale,Provincia Autonoma Trento,Popolazione residente,Totale,70-74 anni,2011,'24,930',,,,,,
Annuale,Provincia Autonoma Trento,Popolazione residente,Totale,75-79 anni,2011,'19,593',,,,,,
Annuale,Provincia Autonoma Trento,Popolazione residente,Totale,80-84 anni,2011,'16,145',,,,,,
Annuale,Provincia Autonoma Trento,Popolazione residente,Totale,85-89 anni,2011,'11,140',,,,,,
Annuale,Provincia Autonoma Trento,Popolazione residente,Totale,90-94 anni,2011,'3,781',,,,,,
Annuale,Provincia Autonoma Trento,Popolazione residente,Totale,95-99 anni,2011,'1,070',,,,,,
Annuale,Provincia Autonoma Trento,Popolazione residente,Totale,100 anni e più,2011,188,,,,,,
Annuale,Provincia Autonoma Trento,Popolazione residente,Totale,Totale,2011,'524,832',,,,,,
Annuale,Veneto,Popolazione residente,Totale,Fino a 4 anni,2011,'232,262',,,,,,
Annuale,Veneto,Popolazione residente,Totale,5-9 anni,2011,'231,464',,,,,,
Annuale,Veneto,Popolazione residente,Totale,10-14 anni,2011,'228,281',,,,,,
Annuale,Veneto,Popolazione residente,Totale,15-19 anni,2011,'221,562',,,,,,
Annuale,Veneto,Popolazione residente,Totale,20-24 anni,2011,'228,414',,,,,,
Annuale,Veneto,Popolazione residente,Totale,25-29 anni,2011,'251,613',,,,,,
Annuale,Veneto,Popolazione residente,Totale,30-34 anni,2011,'306,891',,,,,,
Annuale,Veneto,Popolazione residente,Totale,35-39 anni,2011,'385,119',,,,,,
Annuale,Veneto,Popolazione residente,Totale,40-44 anni,2011,'412,639',,,,,,
Annuale,Veneto,Popolazione residente,Totale,45-49 anni,2011,'408,986',,,,,,
Annuale,Veneto,Popolazione residente,Totale,50-54 anni,2011,'346,085',,,,,,
Annuale,Veneto,Popolazione residente,Totale,55-59 anni,2011,'303,496',,,,,,
Annuale,Veneto,Popolazione residente,Totale,60-64 anni,2011,'299,189',,,,,,
Annuale,Veneto,Popolazione residente,Totale,65-69 anni,2011,'261,526',,,,,,
Annuale,Veneto,Popolazione residente,Totale,70-74 anni,2011,'251,075',,,,,,
Annuale,Veneto,Popolazione residente,Totale,75-79 anni,2011,'195,683',,,,,,
Annuale,Veneto,Popolazione residente,Totale,80-84 anni,2011,'151,654',,,,,,
Annuale,Veneto,Popolazione residente,Totale,85-89 anni,2011,'96,547',,,,,,
Annuale,Veneto,Popolazione residente,Totale,90-94 anni,2011,'32,407',,,,,,
Annuale,Veneto,Popolazione residente,Totale,95-99 anni,2011,'9,706',,,,,,
Annuale,Veneto,Popolazione residente,Totale,100 anni e più,2011,'1,305',,,,,,
Annuale,Veneto,Popolazione residente,Totale,Totale,2011,'4,855,904',,,,,,
Annuale,Friuli-Venezia Giulia,Popolazione residente,Totale,Fino a 4 anni,2011,'51,798',,,,,,
Annuale,Friuli-Venezia Giulia,Popolazione residente,Totale,5-9 anni,2011,'51,564',,,,,,
Annuale,Friuli-Venezia Giulia,Popolazione residente,Totale,10-14 anni,2011,'50,748',,,,,,
Annuale,Friuli-Venezia Giulia,Popolazione residente,Totale,15-19 anni,2011,'49,267',,,,,,
Annuale,Friuli-Venezia Giulia,Popolazione residente,Totale,20-24 anni,2011,'52,158',,,,,,
Annuale,Friuli-Venezia Giulia,Popolazione residente,Totale,25-29 anni,2011,'58,854',,,,,,
Annuale,Friuli-Venezia Giulia,Popolazione residente,Totale,30-34 anni,2011,'72,483',,,,,,
Annuale,Friuli-Venezia Giulia,Popolazione residente,Totale,35-39 anni,2011,'92,690',,,,,,
Annuale,Friuli-Venezia Giulia,Popolazione residente,Totale,40-44 anni,2011,'99,776',,,,,,
Annuale,Friuli-Venezia Giulia,Popolazione residente,Totale,45-49 anni,2011,'100,155',,,,,,
Annuale,Friuli-Venezia Giulia,Popolazione residente,Totale,50-54 anni,2011,'86,023',,,,,,
Annuale,Friuli-Venezia Giulia,Popolazione residente,Totale,55-59 anni,2011,'78,616',,,,,,
Annuale,Friuli-Venezia Giulia,Popolazione residente,Totale,60-64 anni,2011,'83,381',,,,,,
Annuale,Friuli-Venezia Giulia,Popolazione residente,Totale,65-69 anni,2011,'75,441',,,,,,
Annuale,Friuli-Venezia Giulia,Popolazione residente,Totale,70-74 anni,2011,'74,295',,,,,,
Annuale,Friuli-Venezia Giulia,Popolazione residente,Totale,75-79 anni,2011,'54,946',,,,,,
Annuale,Friuli-Venezia Giulia,Popolazione residente,Totale,80-84 anni,2011,'43,281',,,,,,
Annuale,Friuli-Venezia Giulia,Popolazione residente,Totale,85-89 anni,2011,'30,081',,,,,,
Annuale,Friuli-Venezia Giulia,Popolazione residente,Totale,90-94 anni,2011,'11,008',,,,,,
Annuale,Friuli-Venezia Giulia,Popolazione residente,Totale,95-99 anni,2011,'3,215',,,,,,
Annuale,Friuli-Venezia Giulia,Popolazione residente,Totale,100 anni e più,2011,511,,,,,,
Annuale,Friuli-Venezia Giulia,Popolazione residente,Totale,Totale,2011,'1,220,291',,,,,,
Annuale,Emilia-Romagna,Popolazione residente,Totale,Fino a 4 anni,2011,'203,787',,,,,,
Annuale,Emilia-Romagna,Popolazione residente,Totale,5-9 anni,2011,'194,015',,,,,,
Annuale,Emilia-Romagna,Popolazione residente,Totale,10-14 anni,2011,'184,303',,,,,,
Annuale,Emilia-Romagna,Popolazione residente,Totale,15-19 anni,2011,'176,271',,,,,,
Annuale,Emilia-Romagna,Popolazione residente,Totale,20-24 anni,2011,'184,260',,,,,,
Annuale,Emilia-Romagna,Popolazione residente,Totale,25-29 anni,2011,'214,492',,,,,,
Annuale,Emilia-Romagna,Popolazione residente,Totale,30-34 anni,2011,'274,648',,,,,,
Annuale,Emilia-Romagna,Popolazione residente,Totale,35-39 anni,2011,'350,620',,,,,,
Annuale,Emilia-Romagna,Popolazione residente,Totale,40-44 anni,2011,'362,422',,,,,,
Annuale,Emilia-Romagna,Popolazione residente,Totale,45-49 anni,2011,'351,799',,,,,,
Annuale,Emilia-Romagna,Popolazione residente,Totale,50-54 anni,2011,'304,746',,,,,,
Annuale,Emilia-Romagna,Popolazione residente,Totale,55-59 anni,2011,'269,691',,,,,,
Annuale,Emilia-Romagna,Popolazione residente,Totale,60-64 anni,2011,'274,650',,,,,,
Annuale,Emilia-Romagna,Popolazione residente,Totale,65-69 anni,2011,'234,604',,,,,,
Annuale,Emilia-Romagna,Popolazione residente,Totale,70-74 anni,2011,'242,288',,,,,,
Annuale,Emilia-Romagna,Popolazione residente,Totale,75-79 anni,2011,'201,242',,,,,,
Annuale,Emilia-Romagna,Popolazione residente,Totale,80-84 anni,2011,'160,873',,,,,,
Annuale,Emilia-Romagna,Popolazione residente,Totale,85-89 anni,2011,'106,656',,,,,,
Annuale,Emilia-Romagna,Popolazione residente,Totale,90-94 anni,2011,'37,884',,,,,,
Annuale,Emilia-Romagna,Popolazione residente,Totale,95-99 anni,2011,'11,351',,,,,,
Annuale,Emilia-Romagna,Popolazione residente,Totale,100 anni e più,2011,'1,533',,,,,,
Annuale,Emilia-Romagna,Popolazione residente,Totale,Totale,2011,'4,342,135',,,,,,
Annuale,Centro,Popolazione residente,Totale,Fino a 4 anni,2011,'526,544',,,,,,
Annuale,Centro,Popolazione residente,Totale,5-9 anni,2011,'517,570',,,,,,
Annuale,Centro,Popolazione residente,Totale,10-14 anni,2011,'506,246',,,,,,
Annuale,Centro,Popolazione residente,Totale,15-19 anni,2011,'514,504',,,,,,
Annuale,Centro,Popolazione residente,Totale,20-24 anni,2011,'552,347',,,,,,
Annuale,Centro,Popolazione residente,Totale,25-29 anni,2011,'611,612',,,,,,
Annuale,Centro,Popolazione residente,Totale,30-34 anni,2011,'732,190',,,,,,
Annuale,Centro,Popolazione residente,Totale,35-39 anni,2011,'902,847',,,,,,
Annuale,Centro,Popolazione residente,Totale,40-44 anni,2011,'947,387',,,,,,
Annuale,Centro,Popolazione residente,Totale,45-49 anni,2011,'943,111',,,,,,
Annuale,Centro,Popolazione residente,Totale,50-54 anni,2011,'815,771',,,,,,
Annuale,Centro,Popolazione residente,Totale,55-59 anni,2011,'732,537',,,,,,
Annuale,Centro,Popolazione residente,Totale,60-64 anni,2011,'741,986',,,,,,
Annuale,Centro,Popolazione residente,Totale,65-69 anni,2011,'627,340',,,,,,
Annuale,Centro,Popolazione residente,Totale,70-74 anni,2011,'639,200',,,,,,
Annuale,Centro,Popolazione residente,Totale,75-79 anni,2011,'516,334',,,,,,
Annuale,Centro,Popolazione residente,Totale,80-84 anni,2011,'406,997',,,,,,
Annuale,Centro,Popolazione residente,Totale,85-89 anni,2011,'253,197',,,,,,
Annuale,Centro,Popolazione residente,Totale,90-94 anni,2011,'86,179',,,,,,
Annuale,Centro,Popolazione residente,Totale,95-99 anni,2011,'23,629',,,,,,
Annuale,Centro,Popolazione residente,Totale,100 anni e più,2011,'3,147',,,,,,
Annuale,Centro,Popolazione residente,Totale,Totale,2011,'11,600,675',,,,,,
Annuale,Toscana,Popolazione residente,Totale,Fino a 4 anni,2011,'159,323',,,,,,
Annuale,Toscana,Popolazione residente,Totale,5-9 anni,2011,'158,067',,,,,,
Annuale,Toscana,Popolazione residente,Totale,10-14 anni,2011,'152,348',,,,,,
Annuale,Toscana,Popolazione residente,Totale,15-19 anni,2011,'150,101',,,,,,
Annuale,Toscana,Popolazione residente,Totale,20-24 anni,2011,'162,061',,,,,,
Annuale,Toscana,Popolazione residente,Totale,25-29 anni,2011,'181,511',,,,,,
Annuale,Toscana,Popolazione residente,Totale,30-34 anni,2011,'222,600',,,,,,
Annuale,Toscana,Popolazione residente,Totale,35-39 anni,2011,'281,261',,,,,,
Annuale,Toscana,Popolazione residente,Totale,40-44 anni,2011,'295,921',,,,,,
Annuale,Toscana,Popolazione residente,Totale,45-49 anni,2011,'295,126',,,,,,
Annuale,Toscana,Popolazione residente,Totale,50-54 anni,2011,'256,432',,,,,,
Annuale,Toscana,Popolazione residente,Totale,55-59 anni,2011,'232,390',,,,,,
Annuale,Toscana,Popolazione residente,Totale,60-64 anni,2011,'245,081',,,,,,
Annuale,Toscana,Popolazione residente,Totale,65-69 anni,2011,'212,241',,,,,,
Annuale,Toscana,Popolazione residente,Totale,70-74 anni,2011,'216,562',,,,,,
Annuale,Toscana,Popolazione residente,Totale,75-79 anni,2011,'173,608',,,,,,
Annuale,Toscana,Popolazione residente,Totale,80-84 anni,2011,'142,700',,,,,,
Annuale,Toscana,Popolazione residente,Totale,85-89 anni,2011,'92,517',,,,,,
Annuale,Toscana,Popolazione residente,Totale,90-94 anni,2011,'32,213',,,,,,
Annuale,Toscana,Popolazione residente,Totale,95-99 anni,2011,'8,939',,,,,,
Annuale,Toscana,Popolazione residente,Totale,100 anni e più,2011,'1,200',,,,,,
Annuale,Toscana,Popolazione residente,Totale,Totale,2011,'3,672,202',,,,,,
Annuale,Umbria,Popolazione residente,Totale,Fino a 4 anni,2011,'39,262',,,,,,
Annuale,Umbria,Popolazione residente,Totale,5-9 anni,2011,'38,506',,,,,,
Annuale,Umbria,Popolazione residente,Totale,10-14 anni,2011,'37,357',,,,,,
Annuale,Umbria,Popolazione residente,Totale,15-19 anni,2011,'37,949',,,,,,
Annuale,Umbria,Popolazione residente,Totale,20-24 anni,2011,'42,051',,,,,,
Annuale,Umbria,Popolazione residente,Totale,25-29 anni,2011,'47,459',,,,,,
Annuale,Umbria,Popolazione residente,Totale,30-34 anni,2011,'55,304',,,,,,
Annuale,Umbria,Popolazione residente,Totale,35-39 anni,2011,'65,860',,,,,,
Annuale,Umbria,Popolazione residente,Totale,40-44 anni,2011,'67,973',,,,,,
Annuale,Umbria,Popolazione residente,Totale,45-49 anni,2011,'68,612',,,,,,
Annuale,Umbria,Popolazione residente,Totale,50-54 anni,2011,'60,797',,,,,,
Annuale,Umbria,Popolazione residente,Totale,55-59 anni,2011,'55,628',,,,,,
Annuale,Umbria,Popolazione residente,Totale,60-64 anni,2011,'57,672',,,,,,
Annuale,Umbria,Popolazione residente,Totale,65-69 anni,2011,'48,609',,,,,,
Annuale,Umbria,Popolazione residente,Totale,70-74 anni,2011,'50,422',,,,,,
Annuale,Umbria,Popolazione residente,Totale,75-79 anni,2011,'42,229',,,,,,
Annuale,Umbria,Popolazione residente,Totale,80-84 anni,2011,'35,215',,,,,,
Annuale,Umbria,Popolazione residente,Totale,85-89 anni,2011,'23,078',,,,,,
Annuale,Umbria,Popolazione residente,Totale,90-94 anni,2011,'7,928',,,,,,
Annuale,Umbria,Popolazione residente,Totale,95-99 anni,2011,'2,092',,,,,,
Annuale,Umbria,Popolazione residente,Totale,100 anni e più,2011,265,,,,,,
Annuale,Umbria,Popolazione residente,Totale,Totale,2011,'884,268',,,,,,
Annuale,Marche,Popolazione residente,Totale,Fino a 4 anni,2011,'69,566',,,,,,
Annuale,Marche,Popolazione residente,Totale,5-9 anni,2011,'68,079',,,,,,
Annuale,Marche,Popolazione residente,Totale,10-14 anni,2011,'68,267',,,,,,
Annuale,Marche,Popolazione residente,Totale,15-19 anni,2011,'69,462',,,,,,
Annuale,Marche,Popolazione residente,Totale,20-24 anni,2011,'74,443',,,,,,
Annuale,Marche,Popolazione residente,Totale,25-29 anni,2011,'82,367',,,,,,
Annuale,Marche,Popolazione residente,Totale,30-34 anni,2011,'98,384',,,,,,
Annuale,Marche,Popolazione residente,Totale,35-39 anni,2011,'116,088',,,,,,
Annuale,Marche,Popolazione residente,Totale,40-44 anni,2011,'120,876',,,,,,
Annuale,Marche,Popolazione residente,Totale,45-49 anni,2011,'120,170',,,,,,
Annuale,Marche,Popolazione residente,Totale,50-54 anni,2011,'107,092',,,,,,
Annuale,Marche,Popolazione residente,Totale,55-59 anni,2011,'97,145',,,,,,
Annuale,Marche,Popolazione residente,Totale,60-64 anni,2011,'95,606',,,,,,
Annuale,Marche,Popolazione residente,Totale,65-69 anni,2011,'80,494',,,,,,
Annuale,Marche,Popolazione residente,Totale,70-74 anni,2011,'85,733',,,,,,
Annuale,Marche,Popolazione residente,Totale,75-79 anni,2011,'72,335',,,,,,
Annuale,Marche,Popolazione residente,Totale,80-84 anni,2011,'59,410',,,,,,
Annuale,Marche,Popolazione residente,Totale,85-89 anni,2011,'38,372',,,,,,
Annuale,Marche,Popolazione residente,Totale,90-94 anni,2011,'13,238',,,,,,
Annuale,Marche,Popolazione residente,Totale,95-99 anni,2011,'3,723',,,,,,
Annuale,Marche,Popolazione residente,Totale,100 anni e più,2011,469,,,,,,
Annuale,Marche,Popolazione residente,Totale,Totale,2011,'1,541,319',,,,,,
Annuale,Lazio,Popolazione residente,Totale,Fino a 4 anni,2011,'258,393',,,,,,
Annuale,Lazio,Popolazione residente,Totale,5-9 anni,2011,'252,918',,,,,,
Annuale,Lazio,Popolazione residente,Totale,10-14 anni,2011,'248,274',,,,,,
Annuale,Lazio,Popolazione residente,Totale,15-19 anni,2011,'256,992',,,,,,
Annuale,Lazio,Popolazione residente,Totale,20-24 anni,2011,'273,792',,,,,,
Annuale,Lazio,Popolazione residente,Totale,25-29 anni,2011,'300,275',,,,,,
Annuale,Lazio,Popolazione residente,Totale,30-34 anni,2011,'355,902',,,,,,
Annuale,Lazio,Popolazione residente,Totale,35-39 anni,2011,'439,638',,,,,,
Annuale,Lazio,Popolazione residente,Totale,40-44 anni,2011,'462,617',,,,,,
Annuale,Lazio,Popolazione residente,Totale,45-49 anni,2011,'459,203',,,,,,
Annuale,Lazio,Popolazione residente,Totale,50-54 anni,2011,'391,450',,,,,,
Annuale,Lazio,Popolazione residente,Totale,55-59 anni,2011,'347,374',,,,,,
Annuale,Lazio,Popolazione residente,Totale,60-64 anni,2011,'343,627',,,,,,
Annuale,Lazio,Popolazione residente,Totale,65-69 anni,2011,'285,996',,,,,,
Annuale,Lazio,Popolazione residente,Totale,70-74 anni,2011,'286,483',,,,,,
Annuale,Lazio,Popolazione residente,Totale,75-79 anni,2011,'228,162',,,,,,
Annuale,Lazio,Popolazione residente,Totale,80-84 anni,2011,'169,672',,,,,,
Annuale,Lazio,Popolazione residente,Totale,85-89 anni,2011,'99,230',,,,,,
Annuale,Lazio,Popolazione residente,Totale,90-94 anni,2011,'32,800',,,,,,
Annuale,Lazio,Popolazione residente,Totale,95-99 anni,2011,'8,875',,,,,,
Annuale,Lazio,Popolazione residente,Totale,100 anni e più,2011,'1,213',,,,,,
Annuale,Lazio,Popolazione residente,Totale,Totale,2011,'5,502,886',,,,,,
Annuale,Sud,Popolazione residente,Totale,Fino a 4 anni,2011,'652,143',,,,,,
Annuale,Sud,Popolazione residente,Totale,5-9 anni,2011,'698,304',,,,,,
Annuale,Sud,Popolazione residente,Totale,10-14 anni,2011,'739,212',,,,,,
Annuale,Sud,Popolazione residente,Totale,15-19 anni,2011,'805,408',,,,,,
Annuale,Sud,Popolazione residente,Totale,20-24 anni,2011,'869,650',,,,,,
Annuale,Sud,Popolazione residente,Totale,25-29 anni,2011,'879,182',,,,,,
Annuale,Sud,Popolazione residente,Totale,30-34 anni,2011,'925,921',,,,,,
Annuale,Sud,Popolazione residente,Totale,35-39 anni,2011,'1,031,828',,,,,,
Annuale,Sud,Popolazione residente,Totale,40-44 anni,2011,'1,067,230',,,,,,
Annuale,Sud,Popolazione residente,Totale,45-49 anni,2011,'1,078,021',,,,,,
Annuale,Sud,Popolazione residente,Totale,50-54 anni,2011,'955,916',,,,,,
Annuale,Sud,Popolazione residente,Totale,55-59 anni,2011,'861,582',,,,,,
Annuale,Sud,Popolazione residente,Totale,60-64 anni,2011,'845,855',,,,,,
Annuale,Sud,Popolazione residente,Totale,65-69 anni,2011,'664,443',,,,,,
Annuale,Sud,Popolazione residente,Totale,70-74 anni,2011,'635,324',,,,,,
Annuale,Sud,Popolazione residente,Totale,75-79 anni,2011,'534,049',,,,,,
Annuale,Sud,Popolazione residente,Totale,80-84 anni,2011,'406,754',,,,,,
Annuale,Sud,Popolazione residente,Totale,85-89 anni,2011,'230,117',,,,,,
Annuale,Sud,Popolazione residente,Totale,90-94 anni,2011,'73,766',,,,,,
Annuale,Sud,Popolazione residente,Totale,95-99 anni,2011,'20,068',,,,,,
Annuale,Sud,Popolazione residente,Totale,100 anni e più,2011,'2,658',,,,,,
Annuale,Sud,Popolazione residente,Totale,Totale,2011,'13,977,431',,,,,,
Annuale,Abruzzo,Popolazione residente,Totale,Fino a 4 anni,2011,'55,803',,,,,,
Annuale,Abruzzo,Popolazione residente,Totale,5-9 anni,2011,'56,004',,,,,,
Annuale,Abruzzo,Popolazione residente,Totale,10-14 anni,2011,'57,893',,,,,,
Annuale,Abruzzo,Popolazione residente,Totale,15-19 anni,2011,'62,835',,,,,,
Annuale,Abruzzo,Popolazione residente,Totale,20-24 anni,2011,'69,465',,,,,,
Annuale,Abruzzo,Popolazione residente,Totale,25-29 anni,2011,'76,256',,,,,,
Annuale,Abruzzo,Popolazione residente,Totale,30-34 anni,2011,'84,137',,,,,,
Annuale,Abruzzo,Popolazione residente,Totale,35-39 anni,2011,'96,388',,,,,,
Annuale,Abruzzo,Popolazione residente,Totale,40-44 anni,2011,'102,648',,,,,,
Annuale,Abruzzo,Popolazione residente,Totale,45-49 anni,2011,'102,763',,,,,,
Annuale,Abruzzo,Popolazione residente,Totale,50-54 anni,2011,'91,405',,,,,,
Annuale,Abruzzo,Popolazione residente,Totale,55-59 anni,2011,'83,898',,,,,,
Annuale,Abruzzo,Popolazione residente,Totale,60-64 anni,2011,'84,196',,,,,,
Annuale,Abruzzo,Popolazione residente,Totale,65-69 anni,2011,'65,300',,,,,,
Annuale,Abruzzo,Popolazione residente,Totale,70-74 anni,2011,'68,321',,,,,,
Annuale,Abruzzo,Popolazione residente,Totale,75-79 anni,2011,'59,609',,,,,,
Annuale,Abruzzo,Popolazione residente,Totale,80-84 anni,2011,'48,128',,,,,,
Annuale,Abruzzo,Popolazione residente,Totale,85-89 anni,2011,'29,118',,,,,,
Annuale,Abruzzo,Popolazione residente,Totale,90-94 anni,2011,'9,975',,,,,,
Annuale,Abruzzo,Popolazione residente,Totale,95-99 anni,2011,'2,792',,,,,,
Annuale,Abruzzo,Popolazione residente,Totale,100 anni e più,2011,375,,,,,,
Annuale,Abruzzo,Popolazione residente,Totale,Totale,2011,'1,307,309',,,,,,
Annuale,Molise,Popolazione residente,Totale,Fino a 4 anni,2011,'11,997',,,,,,
Annuale,Molise,Popolazione residente,Totale,5-9 anni,2011,'12,900',,,,,,
Annuale,Molise,Popolazione residente,Totale,10-14 anni,2011,'14,086',,,,,,
Annuale,Molise,Popolazione residente,Totale,15-19 anni,2011,'15,883',,,,,,
Annuale,Molise,Popolazione residente,Totale,20-24 anni,2011,'17,428',,,,,,
Annuale,Molise,Popolazione residente,Totale,25-29 anni,2011,'18,706',,,,,,
Annuale,Molise,Popolazione residente,Totale,30-34 anni,2011,'19,912',,,,,,
Annuale,Molise,Popolazione residente,Totale,35-39 anni,2011,'22,153',,,,,,
Annuale,Molise,Popolazione residente,Totale,40-44 anni,2011,'23,422',,,,,,
Annuale,Molise,Popolazione residente,Totale,45-49 anni,2011,'24,085',,,,,,
Annuale,Molise,Popolazione residente,Totale,50-54 anni,2011,'22,347',,,,,,
Annuale,Molise,Popolazione residente,Totale,55-59 anni,2011,'20,868',,,,,,
Annuale,Molise,Popolazione residente,Totale,60-64 anni,2011,'20,449',,,,,,
Annuale,Molise,Popolazione residente,Totale,65-69 anni,2011,'14,510',,,,,,
Annuale,Molise,Popolazione residente,Totale,70-74 anni,2011,'16,462',,,,,,
Annuale,Molise,Popolazione residente,Totale,75-79 anni,2011,'15,310',,,,,,
Annuale,Molise,Popolazione residente,Totale,80-84 anni,2011,'12,245',,,,,,
Annuale,Molise,Popolazione residente,Totale,85-89 anni,2011,'7,450',,,,,,
Annuale,Molise,Popolazione residente,Totale,90-94 anni,2011,'2,543',,,,,,
Annuale,Molise,Popolazione residente,Totale,95-99 anni,2011,798,,,,,,
Annuale,Molise,Popolazione residente,Totale,100 anni e più,2011,106,,,,,,
Annuale,Molise,Popolazione residente,Totale,Totale,2011,'313,660',,,,,,
Annuale,Campania,Popolazione residente,Totale,Fino a 4 anni,2011,'289,971',,,,,,
Annuale,Campania,Popolazione residente,Totale,5-9 anni,2011,'312,927',,,,,,
Annuale,Campania,Popolazione residente,Totale,10-14 anni,2011,'329,597',,,,,,
Annuale,Campania,Popolazione residente,Totale,15-19 anni,2011,'356,651',,,,,,
Annuale,Campania,Popolazione residente,Totale,20-24 anni,2011,'377,606',,,,,,
Annuale,Campania,Popolazione residente,Totale,25-29 anni,2011,'373,853',,,,,,
Annuale,Campania,Popolazione residente,Totale,30-34 anni,2011,'383,666',,,,,,
Annuale,Campania,Popolazione residente,Totale,35-39 anni,2011,'430,738',,,,,,
Annuale,Campania,Popolazione residente,Totale,40-44 anni,2011,'443,835',,,,,,
Annuale,Campania,Popolazione residente,Totale,45-49 anni,2011,'448,394',,,,,,
Annuale,Campania,Popolazione residente,Totale,50-54 anni,2011,'391,644',,,,,,
Annuale,Campania,Popolazione residente,Totale,55-59 anni,2011,'346,382',,,,,,
Annuale,Campania,Popolazione residente,Totale,60-64 anni,2011,'331,515',,,,,,
Annuale,Campania,Popolazione residente,Totale,65-69 anni,2011,'263,177',,,,,,
Annuale,Campania,Popolazione residente,Totale,70-74 anni,2011,'238,230',,,,,,
Annuale,Campania,Popolazione residente,Totale,75-79 anni,2011,'194,142',,,,,,
Annuale,Campania,Popolazione residente,Totale,80-84 anni,2011,'144,678',,,,,,
Annuale,Campania,Popolazione residente,Totale,85-89 anni,2011,'78,766',,,,,,
Annuale,Campania,Popolazione residente,Totale,90-94 anni,2011,'23,902',,,,,,
Annuale,Campania,Popolazione residente,Totale,95-99 anni,2011,'6,335',,,,,,
Annuale,Campania,Popolazione residente,Totale,100 anni e più,2011,801,,,,,,
Annuale,Campania,Popolazione residente,Totale,Totale,2011,'5,766,810',,,,,,
Annuale,Puglia,Popolazione residente,Totale,Fino a 4 anni,2011,'183,378',,,,,,
Annuale,Puglia,Popolazione residente,Totale,5-9 anni,2011,'198,418',,,,,,
Annuale,Puglia,Popolazione residente,Totale,10-14 anni,2011,'211,515',,,,,,
Annuale,Puglia,Popolazione residente,Totale,15-19 anni,2011,'227,767',,,,,,
Annuale,Puglia,Popolazione residente,Totale,20-24 anni,2011,'244,156',,,,,,
Annuale,Puglia,Popolazione residente,Totale,25-29 anni,2011,'246,328',,,,,,
Annuale,Puglia,Popolazione residente,Totale,30-34 anni,2011,'270,508',,,,,,
Annuale,Puglia,Popolazione residente,Totale,35-39 anni,2011,'302,082',,,,,,
Annuale,Puglia,Popolazione residente,Totale,40-44 anni,2011,'308,916',,,,,,
Annuale,Puglia,Popolazione residente,Totale,45-49 anni,2011,'310,536',,,,,,
Annuale,Puglia,Popolazione residente,Totale,50-54 anni,2011,'273,828',,,,,,
Annuale,Puglia,Popolazione residente,Totale,55-59 anni,2011,'249,525',,,,,,
Annuale,Puglia,Popolazione residente,Totale,60-64 anni,2011,'253,746',,,,,,
Annuale,Puglia,Popolazione residente,Totale,65-69 anni,2011,'205,761',,,,,,
Annuale,Puglia,Popolazione residente,Totale,70-74 anni,2011,'192,509',,,,,,
Annuale,Puglia,Popolazione residente,Totale,75-79 anni,2011,'156,851',,,,,,
Annuale,Puglia,Popolazione residente,Totale,80-84 anni,2011,'120,119',,,,,,
Annuale,Puglia,Popolazione residente,Totale,85-89 anni,2011,'67,743',,,,,,
Annuale,Puglia,Popolazione residente,Totale,90-94 anni,2011,'22,220',,,,,,
Annuale,Puglia,Popolazione residente,Totale,95-99 anni,2011,'5,857',,,,,,
Annuale,Puglia,Popolazione residente,Totale,100 anni e più,2011,803,,,,,,
Annuale,Puglia,Popolazione residente,Totale,Totale,2011,'4,052,566',,,,,,
Annuale,Basilicata,Popolazione residente,Totale,Fino a 4 anni,2011,'23,256',,,,,,
Annuale,Basilicata,Popolazione residente,Totale,5-9 anni,2011,'25,685',,,,,,
Annuale,Basilicata,Popolazione residente,Totale,10-14 anni,2011,'27,867',,,,,,
Annuale,Basilicata,Popolazione residente,Totale,15-19 anni,2011,'31,027',,,,,,
Annuale,Basilicata,Popolazione residente,Totale,20-24 anni,2011,'34,783',,,,,,
Annuale,Basilicata,Popolazione residente,Totale,25-29 anni,2011,'35,803',,,,,,
Annuale,Basilicata,Popolazione residente,Totale,30-34 anni,2011,'36,732',,,,,,
Annuale,Basilicata,Popolazione residente,Totale,35-39 anni,2011,'41,358',,,,,,
Annuale,Basilicata,Popolazione residente,Totale,40-44 anni,2011,'43,850',,,,,,
Annuale,Basilicata,Popolazione residente,Totale,45-49 anni,2011,'44,979',,,,,,
Annuale,Basilicata,Popolazione residente,Totale,50-54 anni,2011,'40,871',,,,,,
Annuale,Basilicata,Popolazione residente,Totale,55-59 anni,2011,'37,640',,,,,,
Annuale,Basilicata,Popolazione residente,Totale,60-64 anni,2011,'35,813',,,,,,
Annuale,Basilicata,Popolazione residente,Totale,65-69 anni,2011,'25,366',,,,,,
Annuale,Basilicata,Popolazione residente,Totale,70-74 anni,2011,'29,102',,,,,,
Annuale,Basilicata,Popolazione residente,Totale,75-79 anni,2011,'26,710',,,,,,
Annuale,Basilicata,Popolazione residente,Totale,80-84 anni,2011,'20,588',,,,,,
Annuale,Basilicata,Popolazione residente,Totale,85-89 anni,2011,'11,758',,,,,,
Annuale,Basilicata,Popolazione residente,Totale,90-94 anni,2011,'3,680',,,,,,
Annuale,Basilicata,Popolazione residente,Totale,95-99 anni,2011,'1,031',,,,,,
Annuale,Basilicata,Popolazione residente,Totale,100 anni e più,2011,137,,,,,,
Annuale,Basilicata,Popolazione residente,Totale,Totale,2011,'578,036',,,,,,
Annuale,Calabria,Popolazione residente,Totale,Fino a 4 anni,2011,'87,738',,,,,,
Annuale,Calabria,Popolazione residente,Totale,5-9 anni,2011,'92,370',,,,,,
Annuale,Calabria,Popolazione residente,Totale,10-14 anni,2011,'98,254',,,,,,
Annuale,Calabria,Popolazione residente,Totale,15-19 anni,2011,'111,245',,,,,,
Annuale,Calabria,Popolazione residente,Totale,20-24 anni,2011,'126,212',,,,,,
Annuale,Calabria,Popolazione residente,Totale,25-29 anni,2011,'128,236',,,,,,
Annuale,Calabria,Popolazione residente,Totale,30-34 anni,2011,'130,966',,,,,,
Annuale,Calabria,Popolazione residente,Totale,35-39 anni,2011,'139,109',,,,,,
Annuale,Calabria,Popolazione residente,Totale,40-44 anni,2011,'144,559',,,,,,
Annuale,Calabria,Popolazione residente,Totale,45-49 anni,2011,'147,264',,,,,,
Annuale,Calabria,Popolazione residente,Totale,50-54 anni,2011,'135,821',,,,,,
Annuale,Calabria,Popolazione residente,Totale,55-59 anni,2011,'123,269',,,,,,
Annuale,Calabria,Popolazione residente,Totale,60-64 anni,2011,'120,136',,,,,,
Annuale,Calabria,Popolazione residente,Totale,65-69 anni,2011,'90,329',,,,,,
Annuale,Calabria,Popolazione residente,Totale,70-74 anni,2011,'90,700',,,,,,
Annuale,Calabria,Popolazione residente,Totale,75-79 anni,2011,'81,427',,,,,,
Annuale,Calabria,Popolazione residente,Totale,80-84 anni,2011,'60,996',,,,,,
Annuale,Calabria,Popolazione residente,Totale,85-89 anni,2011,'35,282',,,,,,
Annuale,Calabria,Popolazione residente,Totale,90-94 anni,2011,'11,446',,,,,,
Annuale,Calabria,Popolazione residente,Totale,95-99 anni,2011,'3,255',,,,,,
Annuale,Calabria,Popolazione residente,Totale,100 anni e più,2011,436,,,,,,
Annuale,Calabria,Popolazione residente,Totale,Totale,2011,'1,959,050',,,,,,
Annuale,Isole,Popolazione residente,Totale,Fino a 4 anni,2011,'300,060',,,,,,
Annuale,Isole,Popolazione residente,Totale,5-9 anni,2011,'316,953',,,,,,
Annuale,Isole,Popolazione residente,Totale,10-14 anni,2011,'330,773',,,,,,
Annuale,Isole,Popolazione residente,Totale,15-19 anni,2011,'367,394',,,,,,
Annuale,Isole,Popolazione residente,Totale,20-24 anni,2011,'401,328',,,,,,
Annuale,Isole,Popolazione residente,Totale,25-29 anni,2011,'407,362',,,,,,
Annuale,Isole,Popolazione residente,Totale,30-34 anni,2011,'436,718',,,,,,
Annuale,Isole,Popolazione residente,Totale,35-39 anni,2011,'493,791',,,,,,
Annuale,Isole,Popolazione residente,Totale,40-44 anni,2011,'509,075',,,,,,
Annuale,Isole,Popolazione residente,Totale,45-49 anni,2011,'508,220',,,,,,
Annuale,Isole,Popolazione residente,Totale,50-54 anni,2011,'462,728',,,,,,
Annuale,Isole,Popolazione residente,Totale,55-59 anni,2011,'422,642',,,,,,
Annuale,Isole,Popolazione residente,Totale,60-64 anni,2011,'413,178',,,,,,
Annuale,Isole,Popolazione residente,Totale,65-69 anni,2011,'330,946',,,,,,
Annuale,Isole,Popolazione residente,Totale,70-74 anni,2011,'316,394',,,,,,
Annuale,Isole,Popolazione residente,Totale,75-79 anni,2011,'262,420',,,,,,
Annuale,Isole,Popolazione residente,Totale,80-84 anni,2011,'200,013',,,,,,
Annuale,Isole,Popolazione residente,Totale,85-89 anni,2011,'115,191',,,,,,
Annuale,Isole,Popolazione residente,Totale,90-94 anni,2011,'35,983',,,,,,
Annuale,Isole,Popolazione residente,Totale,95-99 anni,2011,'9,913',,,,,,
Annuale,Isole,Popolazione residente,Totale,100 anni e più,2011,'1,184',,,,,,
Annuale,Isole,Popolazione residente,Totale,Totale,2011,'6,642,266',,,,,,
Annuale,Sicilia,Popolazione residente,Totale,Fino a 4 anni,2011,'234,942',,,,,,
Annuale,Sicilia,Popolazione residente,Totale,5-9 anni,2011,'250,472',,,,,,
Annuale,Sicilia,Popolazione residente,Totale,10-14 anni,2011,'261,970',,,,,,
Annuale,Sicilia,Popolazione residente,Totale,15-19 anni,2011,'291,387',,,,,,
Annuale,Sicilia,Popolazione residente,Totale,20-24 anni,2011,'314,501',,,,,,
Annuale,Sicilia,Popolazione residente,Totale,25-29 anni,2011,'311,307',,,,,,
Annuale,Sicilia,Popolazione residente,Totale,30-34 anni,2011,'326,624',,,,,,
Annuale,Sicilia,Popolazione residente,Totale,35-39 anni,2011,'363,561',,,,,,
Annuale,Sicilia,Popolazione residente,Totale,40-44 anni,2011,'376,732',,,,,,
Annuale,Sicilia,Popolazione residente,Totale,45-49 anni,2011,'373,378',,,,,,
Annuale,Sicilia,Popolazione residente,Totale,50-54 anni,2011,'340,340',,,,,,
Annuale,Sicilia,Popolazione residente,Totale,55-59 anni,2011,'308,945',,,,,,
Annuale,Sicilia,Popolazione residente,Totale,60-64 anni,2011,'305,545',,,,,,
Annuale,Sicilia,Popolazione residente,Totale,65-69 anni,2011,'240,071',,,,,,
Annuale,Sicilia,Popolazione residente,Totale,70-74 anni,2011,'233,710',,,,,,
Annuale,Sicilia,Popolazione residente,Totale,75-79 anni,2011,'197,155',,,,,,
Annuale,Sicilia,Popolazione residente,Totale,80-84 anni,2011,'150,982',,,,,,
Annuale,Sicilia,Popolazione residente,Totale,85-89 anni,2011,'86,817',,,,,,
Annuale,Sicilia,Popolazione residente,Totale,90-94 anni,2011,'26,459',,,,,,
Annuale,Sicilia,Popolazione residente,Totale,95-99 anni,2011,'7,165',,,,,,
Annuale,Sicilia,Popolazione residente,Totale,100 anni e più,2011,841,,,,,,
Annuale,Sicilia,Popolazione residente,Totale,Totale,2011,'5,002,904',,,,,,
Annuale,Sardegna,Popolazione residente,Totale,Fino a 4 anni,2011,'65,118',,,,,,
Annuale,Sardegna,Popolazione residente,Totale,5-9 anni,2011,'66,481',,,,,,
Annuale,Sardegna,Popolazione residente,Totale,10-14 anni,2011,'68,803',,,,,,
Annuale,Sardegna,Popolazione residente,Totale,15-19 anni,2011,'76,007',,,,,,
Annuale,Sardegna,Popolazione residente,Totale,20-24 anni,2011,'86,827',,,,,,
Annuale,Sardegna,Popolazione residente,Totale,25-29 anni,2011,'96,055',,,,,,
Annuale,Sardegna,Popolazione residente,Totale,30-34 anni,2011,'110,094',,,,,,
Annuale,Sardegna,Popolazione residente,Totale,35-39 anni,2011,'130,230',,,,,,
Annuale,Sardegna,Popolazione residente,Totale,40-44 anni,2011,'132,343',,,,,,
Annuale,Sardegna,Popolazione residente,Totale,45-49 anni,2011,'134,842',,,,,,
Annuale,Sardegna,Popolazione residente,Totale,50-54 anni,2011,'122,388',,,,,,
Annuale,Sardegna,Popolazione residente,Totale,55-59 anni,2011,'113,697',,,,,,
Annuale,Sardegna,Popolazione residente,Totale,60-64 anni,2011,'107,633',,,,,,
Annuale,Sardegna,Popolazione residente,Totale,65-69 anni,2011,'90,875',,,,,,
Annuale,Sardegna,Popolazione residente,Totale,70-74 anni,2011,'82,684',,,,,,
Annuale,Sardegna,Popolazione residente,Totale,75-79 anni,2011,'65,265',,,,,,
Annuale,Sardegna,Popolazione residente,Totale,80-84 anni,2011,'49,031',,,,,,
Annuale,Sardegna,Popolazione residente,Totale,85-89 anni,2011,'28,374',,,,,,
Annuale,Sardegna,Popolazione residente,Totale,90-94 anni,2011,'9,524',,,,,,
Annuale,Sardegna,Popolazione residente,Totale,95-99 anni,2011,'2,748',,,,,,
Annuale,Sardegna,Popolazione residente,Totale,100 anni e più,2011,343,,,,,,
Annuale,Sardegna,Popolazione residente,Totale,Totale,2011,'1,639,362',,,,,,
